{"type": "block", "layer": 0, "block": 0, "features": [{"geom": {"lines": [[-291.50286766322097, -18.65698121013702, 34.26316261291504, -286.67153958807467, -14.17716025057598, 34.694013595581055, -290.0150360876578, -9.460459703986999, 35.2992000579834, -285.8467469897005, -6.099387848778861, 35.20134925842285, -282.5043372413493, -10.452239173202543, 35.048959732055664, -277.7553880858468, -7.080419220874319, 35.09381294250488, -276.8711798436125, -8.376757052377798, 35.06099891662598, -270.5513174463995, -3.282376590621425, 34.84153938293457, -265.8969725795905, -8.552201989135938, 33.39109802246094, -272.3107698876411, -14.32695952206268, 33.53762245178223, -271.1737864476163, -15.561263330862857, 33.56901741027832, -284.77357311401283, -26.98391032105428, 34.09029579162598, -291.50286766322097, -18.65698121013702, 34.26316261291504]]}, "mtl": 0}], "featureCount": 1, "startIndex": 0}